0.000000000000000000e+00,3.708758972451709468e+01,3.721490723129537770e+01,3.734222473807370335e+01,3.746954224485192952e+01,3.759685975163016280e+01,3.772417725840857372e+01,3.785149476518679279e+01,3.797881227196516818e+01,3.810612977874333751e+01,3.823344728552166316e+01,3.836076479229996750e+01,3.848808229907825051e+01,3.861539980585656195e+01
5.025125628140703592e-03,3.707550966902775258e+01,3.720278570633988124e+01,3.733006174365205254e+01,3.745733778096413147e+01,3.758461381827621040e+01,3.771188985558848117e+01,3.783916589290055299e+01,3.796644193021279534e+01,3.809371796752483164e+01,3.822099400483701004e+01,3.834827004214914581e+01,3.847554607946127447e+01,3.860282211677351683e+01
1.005025125628140718e-02,3.706337701686436503e+01,3.719061140415190181e+01,3.731784579143948832e+01,3.744508017872697536e+01,3.757231456601445529e+01,3.769954895330214129e+01,3.782678334058962832e+01,3.795401772787728589e+01,3.808125211516475161e+01,3.820848650245233813e+01,3.833572088973987491e+01,3.846295527702740458e+01,3.859018966431514031e+01
1.507537688442210991e-02,3.705119110749406275e+01,3.717838366193102928e+01,3.730557621636804555e+01,3.743276877080496945e+01,3.755996132524187914e+01,3.768715387967900199e+01,3.781434643411592589e+01,3.794153898855301321e+01,3.806873154298993711e+01,3.819592409742696049e+01,3.832311665186391991e+01,3.845030920630087223e+01,3.857750176073809456e+01
2.010050251256281437e-02,3.703895128038398354e+01,3.716610181687686776e+01,3.729325235336980171e+01,3.742040288986264329e+01,3.754755342635547777e+01,3.767470396284852541e+01,3.780185449934137409e+01,3.792900503583438621e+01,3.805615557232725621e+01,3.818330610882019727e+01,3.831045664531308148e+01,3.843760718180594438e+01,3.856475771829914123e+01
2.512562814070351883e-02,3.702665687500125813e+01,3.715376520618902134e+01,3.728087353737682008e+01,3.740798186856454777e+01,3.753509019975224703e+01,3.766219853094018077e+01,3.778930686212790135e+01,3.791641519331580668e+01,3.804352352450355568e+01,3.817063185569137573e+01,3.829774018687911763e+01,3.842484851806686663e+01,3.855195684925497090e+01
3.015075376884421982e-02,3.701430723081298879e+01,3.714137316706704439e+01,3.726843910332114262e+01,3.739550503957516270e+01,3.752257097582916145e+01,3.764963691208338048e+01,3.777670284833740766e+01,3.790376878459160537e+01,3.803083472084567518e+01,3.815790065709977341e+01,3.828496659335381480e+01,3.841203252960784909e+01,3.853909846586228838e+01
3.517587939698492427e-02,3.700190168728630624e+01,3.712892503671054101e+01,3.725594838613481841e+01,3.738297173555902475e+01,3.750999508498318846e+01,3.763701843440759376e+01,3.776404178383180721e+01,3.789106513325618408e+01,3.801808848268044727e+01,3.814511183210472467e+01,3.827213518152895233e+01,3.839915853095315157e+01,3.852618188037779134e+01
4.020100502512562873e-02,3.698943958388829856e+01,3.711642015231906555e+01,3.724340072074987518e+01,3.737038128918060664e+01,3.749736185761130969e+01,3.762434242604223300e+01,3.775132299447298578e+01,3.787830356290388778e+01,3.800528413133469741e+01,3.813226469976550703e+01,3.825924526819625271e+01,3.838622583662699128e+01,3.851320640505817749e+01
4.522613065326633319e-02,3.697692026008615329e+01,3.710385785109227186e+01,3.723079544209841174e+01,3.735773303310449478e+01,3.748467062411054229e+01,3.761160821511681007e+01,3.773854580612290022e+01,3.786548339712914668e+01,3.799242098813532209e+01,3.811935857914146908e+01,3.824629617014756633e+01,3.837323376115365647e+01,3.850017135216018715e+01
5.025125628140703765e-02,3.696434305534696563e+01,3.709123747022970718e+01,3.721813188511247006e+01,3.734502629999518319e+01,3.747192071487785370e+01,3.759881512976074447e+01,3.772570954464346471e+01,3.785260395952634127e+01,3.797949837440913967e+01,3.810639278929190965e+01,3.823328720417463700e+01,3.836018161905734303e+01,3.848707603394051091e+01
5.527638190954774211e-02,3.695170730913784496e+01,3.707855834693094721e+01,3.720540938472409209e+01,3.733226042251717303e+01,3.745911146031021133e+01,3.758596249810346990e+01,3.771281353589656504e+01,3.783966457368980940e+01,3.796651561148298981e+01,3.809336664927612048e+01,3.822021768706922984e+01,3.834706872486230367e+01,3.847391976265583224e+01
6.030150753768843963e-02,3.693901236092592910e+01,3.706581981839561735e+01,3.719262727586534112e+01,3.731943473333499384e+01,3.744624219080462524e+01,3.757304964827446270e+01,3.769985710574414384e+01,3.782666456321395998e+01,3.795347202068373349e+01,3.808027947815344305e+01,3.820708693562313130e+01,3.833389439309279112e+01,3.846070185056289148e+01
6.532663316582915103e-02,3.692625755017832745e+01,3.705302122182327906e+01,3.717978489346825199e+01,3.730654856511317519e+01,3.743331223675806285e+01,3.756007590840314236e+01,3.768683958004808687e+01,3.781360325169315928e+01,3.794036692333819616e+01,3.806713059498316909e+01,3.819389426662812070e+01,3.832065793827303679e+01,3.844742160991837920e+01
7.035175879396984855e-02,3.691344221636217782e+01,3.704016189441352935e+01,3.716688157246489510e+01,3.729360125051621822e+01,3.742032092856751291e+01,3.754704060661897813e+01,3.767376028467032967e+01,3.780047996272180200e+01,3.792719964077323169e+01,3.805391931882460455e+01,3.818063899687595608e+01,3.830735867492727209e+01,3.843407835297899311e+01
7.537688442211055995e-02,3.690056569894459670e+01,3.702724117336595810e+01,3.715391664778733372e+01,3.728059212220865959e+01,3.740726759662995704e+01,3.753394307105142502e+01,3.766061854547278642e+01,3.778729401989426151e+01,3.791396949431569396e+01,3.804064496873706247e+01,3.816732044315843808e+01,3.829399591757974974e+01,3.842067139200145931e+01
8.040201005025125747e-02,3.688762733739269351e+01,3.701425839588014099e+01,3.714088945436758848e+01,3.726752051285498624e+01,3.739415157134236978e+01,3.752078262982991674e+01,3.764741368831735002e+01,3.777404474680488988e+01,3.790067580529240843e+01,3.802730686377985592e+01,3.815393792226731051e+01,3.828056898075470826e+01,3.840720003924246129e+01
8.542713567839195499e-02,3.687462647117362735e+01,3.700121289915568923e+01,3.712779932713774400e+01,3.725438575511977035e+01,3.738097218310176117e+01,3.750755861108390832e+01,3.763414503906596309e+01,3.776073146704811734e+01,3.788731789503024316e+01,3.801390432301229794e+01,3.814049075099437403e+01,3.826707717897640038e+01,3.839366360695872515e+01
9.045226130653266639e-02,3.686156243975449343e+01,3.698810402039217138e+01,3.711464560102984933e+01,3.724118718166747755e+01,3.736772876230510576e+01,3.749427034294284766e+01,3.762081192358052562e+01,3.774735350421828173e+01,3.787389508485603784e+01,3.800043666549370869e+01,3.812697824613140796e+01,3.825351982676904328e+01,3.838006140740695571e+01
9.547738693467336391e-02,3.684843458260242244e+01,3.697493109678917733e+01,3.710142761097593933e+01,3.722792412516265870e+01,3.735442063934937096e+01,3.748091715353619691e+01,3.760741366772295180e+01,3.773391018190979196e+01,3.786040669609663212e+01,3.798690321028337280e+01,3.811339972447017743e+01,3.823989623865689680e+01,3.836639275284384354e+01
1.005025125628140753e-01,3.683524223918452378e+01,3.696169346554631119e+01,3.708814469190807728e+01,3.721459591826982205e+01,3.734104714463154551e+01,3.746749837099337554e+01,3.759394959735514874e+01,3.772040082371700009e+01,3.784685205007885145e+01,3.797330327644061043e+01,3.809975450280244047e+01,3.822620572916417814e+01,3.835265695552610765e+01
1.055276381909547728e-01,3.682198474896794238e+01,3.694839046386313441e+01,3.707479617875831224e+01,3.720120189365347585e+01,3.732760760854862525e+01,3.745401332344385281e+01,3.758041903833905195e+01,3.770682475323430793e+01,3.783323046812957102e+01,3.795963618302474174e+01,3.808604189791999772e+01,3.821244761281515423e+01,3.833885332771044574e+01
1.105527638190954842e-01,3.680866145141979473e+01,3.693502142893926532e+01,3.706138140645872170e+01,3.718774138397816387e+01,3.731410136149759893e+01,3.744046133901709084e+01,3.756682131653656143e+01,3.769318129405609596e+01,3.781954127157562340e+01,3.794590124909507978e+01,3.807226122661461432e+01,3.819862120413406359e+01,3.832498118165358392e+01
1.155778894472361817e-01,3.679527168600719733e+01,3.692158569797427958e+01,3.704789970994134052e+01,3.717421372190838014e+01,3.730052773387543397e+01,3.742684174584252332e+01,3.755315575780960557e+01,3.767946976977673046e+01,3.780578378174386245e+01,3.793209779371091628e+01,3.805841180567806248e+01,3.818472581764511631e+01,3.831103982961220566e+01
1.206030150753768793e-01,3.678181479219726668e+01,3.690808260816775288e+01,3.703435042413820355e+01,3.716061824010866133e+01,3.728688605607910489e+01,3.741315387204958398e+01,3.753942168802007018e+01,3.766568950399059190e+01,3.779195731996112073e+01,3.791822513593157140e+01,3.804449295190212865e+01,3.817076076787258643e+01,3.829702858384301578e+01
1.256281407035175768e-01,3.676829010945714771e+01,3.689451149671928931e+01,3.702073288398139539e+01,3.714695427124351568e+01,3.727317565850562175e+01,3.739939704576774204e+01,3.752561843302989075e+01,3.765183982029206078e+01,3.777806120755425212e+01,3.790428259481634399e+01,3.803050398207857796e+01,3.815672536934069825e+01,3.828294675660274748e+01
1.306532663316583021e-01,3.675469697725394269e+01,3.688087170082846455e+01,3.700704642440295089e+01,3.713322114797745144e+01,3.725939587155195198e+01,3.738557059512644543e+01,3.751174531870097439e+01,3.763792004227552468e+01,3.776409476585008917e+01,3.789026948942456841e+01,3.801644421299918264e+01,3.814261893657369740e+01,3.826879366014807715e+01
1.356783919597989996e-01,3.674103473505478945e+01,3.686716255769488271e+01,3.699329038033494754e+01,3.711941820297501948e+01,3.724554602561509142e+01,3.737167384825514915e+01,3.749780167089524952e+01,3.762392949353535698e+01,3.775005731617549287e+01,3.787618513881554350e+01,3.800231296145573623e+01,3.812844078409582238e+01,3.825456860673573800e+01
1.407035175879396971e-01,3.672730272232679738e+01,3.685338340451811945e+01,3.697946408670940599e+01,3.710554476890070674e+01,3.723162545109200749e+01,3.735770613328328693e+01,3.748378681547460900e+01,3.760986749766593817e+01,3.773594817985729577e+01,3.786202886204856810e+01,3.798810954424000386e+01,3.811419022643131882e+01,3.824027090862242062e+01
1.457286432160803946e-01,3.671350027853709719e+01,3.683953357849775756e+01,3.696556687845838951e+01,3.709160017841903567e+01,3.721763347837969604e+01,3.734366677834030668e+01,3.746970007830098126e+01,3.759573337826164874e+01,3.772176667822234464e+01,3.784779997818296238e+01,3.797383327814374354e+01,3.809986657810441102e+01,3.822589987806481560e+01
1.507537688442211199e-01,3.669962674315281248e+01,3.682561241683340825e+01,3.695159809051396138e+01,3.707758376419455004e+01,3.720356943787513870e+01,3.732955511155567763e+01,3.745554078523628050e+01,3.758152645891687627e+01,3.770751213259749335e+01,3.783349780627803938e+01,3.795948347995876304e+01,3.808546915363936591e+01,3.821145482731965615e+01
1.557788944723618174e-01,3.668568145564107397e+01,3.681161925672464719e+01,3.693755705780817777e+01,3.706349485889174389e+01,3.718943265997532421e+01,3.731537046105883348e+01,3.744130826214241381e+01,3.756724606322598703e+01,3.769318386430958157e+01,3.781912166539311215e+01,3.794505946647681327e+01,3.807099726756040070e+01,3.819693506864364707e+01
1.608040201005025149e-01,3.667166375546898394e+01,3.679755343537105006e+01,3.692344311527307354e+01,3.704933279517515388e+01,3.717522247507722000e+01,3.730111215497922217e+01,3.742700183488130250e+01,3.755289151478336862e+01,3.767878119468544895e+01,3.780467087458747955e+01,3.793056055448968067e+01,3.805645023439176811e+01,3.818233991429347185e+01
1.658291457286432125e-01,3.665757298210368020e+01,3.678341428997222096e+01,3.690925559784072618e+01,3.703509690570927404e+01,3.716093821357782190e+01,3.728677952144630581e+01,3.741262082931486077e+01,3.753846213718339442e+01,3.766430344505194938e+01,3.779014475292044750e+01,3.791598606078913036e+01,3.804182736865770664e+01,3.816766867652586370e+01
1.708542713567839100e-01,3.664340847501227927e+01,3.676920115772774267e+01,3.689499384044316344e+01,3.702078652315864815e+01,3.714657920587411866e+01,3.727237188858951811e+01,3.739816457130498861e+01,3.752395725402044491e+01,3.764974993673591541e+01,3.777554261945134328e+01,3.790133530216694879e+01,3.802712798488244772e+01,3.815292066759750611e+01
1.758793969849246352e-01,3.662916957366191184e+01,3.675491337583720508e+01,3.688065717801245569e+01,3.700640098018777735e+01,3.713214478236309191e+01,3.725788858453832120e+01,3.738363238671361444e+01,3.750937618888890768e+01,3.763511999106421513e+01,3.776086379323947284e+01,3.788660759541490819e+01,3.801235139759024406e+01,3.813809519976512519e+01
1.809045226130653328e-01,3.661485561730309968e+01,3.674055028128284306e+01,3.686624494526256512e+01,3.699193960924235824e+01,3.711763427322213715e+01,3.724332893720183080e+01,3.736902360118160260e+01,3.749471826516135309e+01,3.762041292914111779e+01,3.774610759312083985e+01,3.787180225710073955e+01,3.799749692108054688e+01,3.812319158505988526e+01
1.859296482412060303e-01,3.660046588502717668e+01,3.672611115068121990e+01,3.685175641633523469e+01,3.697740168198934185e+01,3.710304694764342059e+01,3.722869221329742118e+01,3.735433747895148571e+01,3.747998274460553603e+01,3.760562801025959345e+01,3.773127327591362956e+01,3.785691854156782199e+01,3.798256380722193626e+01,3.810820907287556736e+01
1.909547738693467278e-01,3.658599951392783112e+01,3.671159511816374277e+01,3.683719072239962600e+01,3.696278632663561581e+01,3.708838193087157009e+01,3.721397753510744622e+01,3.733957313934339339e+01,3.746516874357931925e+01,3.759076434781525222e+01,3.771635995205116387e+01,3.784195555628722474e+01,3.796755116052322165e+01,3.809314676475872830e+01
1.959798994974874531e-01,3.657145562061980826e+01,3.669700129731261029e+01,3.682254697400538390e+01,3.694809265069827120e+01,3.707363832739111587e+01,3.719918400408387527e+01,3.732472968077671283e+01,3.745027535746952196e+01,3.757582103416234531e+01,3.770136671085515445e+01,3.782691238754808438e+01,3.795245806424097879e+01,3.807800374093338291e+01
2.010050251256281506e-01,3.655683332171785338e+01,3.668232880170997845e+01,3.680782428170210352e+01,3.693331976169434228e+01,3.705881524168652419e+01,3.718431072167863505e+01,3.730980620167079564e+01,3.743530168166294914e+01,3.756079716165510973e+01,3.768629264164725612e+01,3.781178812163953751e+01,3.793728360163176916e+01,3.806277908162352475e+01
2.060301507537688481e-01,3.654213173383669755e+01,3.666757674493805297e+01,3.679302175603939418e+01,3.691846676714087039e+01,3.704391177824228265e+01,3.716935678934363807e+01,3.729480180044502191e+01,3.742024681154640575e+01,3.754569182264778959e+01,3.767113683374917343e+01,3.779658184485067096e+01,3.792202685595214007e+01,3.804747186705313311e+01
2.110552763819095456e-01,3.652734997359109315e+01,3.665274424057900404e+01,3.677813850756689362e+01,3.690353277455493952e+01,3.702892704154291437e+01,3.715432130853081816e+01,3.727971557551876458e+01,3.740510984250670390e+01,3.753050410949465032e+01,3.765589837648259675e+01,3.778129264347063554e+01,3.790668691045866012e+01,3.803208117744622996e+01
2.160804020100502432e-01,3.651248715759575703e+01,3.663783040221498055e+01,3.676317364683421118e+01,3.688851689145357682e+01,3.701386013607286429e+01,3.713920338069210914e+01,3.726454662531136819e+01,3.738988986993064145e+01,3.751523311454990761e+01,3.764057635916918088e+01,3.776591960378853230e+01,3.789126284840787662e+01,3.801660609302679461e+01
2.211055276381909684e-01,3.649754240246545578e+01,3.662283434342820243e+01,3.674812628439095619e+01,3.687341822535385916e+01,3.699871016631666976e+01,3.712400210727944483e+01,3.724929404824222701e+01,3.737458598920503050e+01,3.749987793016781978e+01,3.762516987113062328e+01,3.775046181209349072e+01,3.787575375305637237e+01,3.800104569401883481e+01
2.261306532663316660e-01,3.648251482481489916e+01,3.660775517780081145e+01,3.673299553078673796e+01,3.685823588377281368e+01,3.698347623675879703e+01,3.710871658974475196e+01,3.723395694273069978e+01,3.735919729571666892e+01,3.748443764870263095e+01,3.760967800168861430e+01,3.773491835467462607e+01,3.786015870766068758e+01,3.798539906064634408e+01
2.311557788944723635e-01,3.646740354125885375e+01,3.659259201891501334e+01,3.671778049657117293e+01,3.684296897422751726e+01,3.696815745188374080e+01,3.709334592953995724e+01,3.721853440719615946e+01,3.734372288485237590e+01,3.746891136250857102e+01,3.759409984016481587e+01,3.771928831782107494e+01,3.784447679547737664e+01,3.796966527313331596e+01
2.361809045226130610e-01,3.645220766841202931e+01,3.657734398035295698e+01,3.670248029229389886e+01,3.682761660423501127e+01,3.695275291617600288e+01,3.707788922811698740e+01,3.720302554005794349e+01,3.732816185199894932e+01,3.745329816393991251e+01,3.757843447588093255e+01,3.770357078782193838e+01,3.782870709976301526e+01,3.795384341170374398e+01
2.412060301507537585e-01,3.643692632288919242e+01,3.656201017569684097e+01,3.668709402850451795e+01,3.681217788131235835e+01,3.693726173412007086e+01,3.706234558692779046e+01,3.718742943973547455e+01,3.731251329254319415e+01,3.743759714535088534e+01,3.756268099815863337e+01,3.768776485096636009e+01,3.781284870377415075e+01,3.793793255658164298e+01
2.462311557788944838e-01,3.642155862130507415e+01,3.654658971852884974e+01,3.667162081575263954e+01,3.679665191297660698e+01,3.692168301020043231e+01,3.704671410742428606e+01,3.717174520464808296e+01,3.729677630187192250e+01,3.742180739909573362e+01,3.754683849631961579e+01,3.767186959354344111e+01,3.779690069076735881e+01,3.792193178799099229e+01
2.512562814070351536e-01,3.640610368027441268e+01,3.653108172243113216e+01,3.665605976458788717e+01,3.678103780674480561e+01,3.690601584890158193e+01,3.703099389105839379e+01,3.715597193321514879e+01,3.728094997537194644e+01,3.740592801752870855e+01,3.753090605968554883e+01,3.765588410184231805e+01,3.778086214399917964e+01,3.790584018615579254e+01
2.562814070351758788e-01,3.639056061641193196e+01,3.651548530098588685e+01,3.664040998555987017e+01,3.676533467013400980e+01,3.689025935470801443e+01,3.701518403928204748e+01,3.714010872385603790e+01,3.726503340843005674e+01,3.738995809300404005e+01,3.751488277757810152e+01,3.763980746215209905e+01,3.776473214672618894e+01,3.788965683130004436e+01
2.613065326633166041e-01,3.637492854633238437e+01,3.649979956777528400e+01,3.662467058921820495e+01,3.674954161066128222e+01,3.687441263210421027e+01,3.699928365354719517e+01,3.712415467499010191e+01,3.724902569643305839e+01,3.737389671787597933e+01,3.749876773931899265e+01,3.762363876076189229e+01,3.774850978220491982e+01,3.787338080364773418e+01
2.663316582914572739e-01,3.635920658665050098e+01,3.648402363638149382e+01,3.660884068611251507e+01,3.673365773584367133e+01,3.685847478557467838e+01,3.698329183530574937e+01,3.710810888503674221e+01,3.723292593476777768e+01,3.735774298449878472e+01,3.748256003422986993e+01,3.760737708396085566e+01,3.773219413369196218e+01,3.785701118342288396e+01
2.713567839195979992e-01,3.634339385279452017e+01,3.646815661919611529e+01,3.659291938559773882e+01,3.671768215199948315e+01,3.684244491840108537e+01,3.696720768480274444e+01,3.709197045120433955e+01,3.721673321760597020e+01,3.734149598400756531e+01,3.746625875040925990e+01,3.759102151681082660e+01,3.771578428321252119e+01,3.784054704961405946e+01
2.763819095477387244e-01,3.632748934145843123e+01,3.645219750946890969e+01,3.657690567747941657e+01,3.670161384549003714e+01,3.682632201350050138e+01,3.695103018151103669e+01,3.707573834952150094e+01,3.720044651753200071e+01,3.732515468554247207e+01,3.744986285355303579e+01,3.757457102156347162e+01,3.769927918957403534e+01,3.782398735758444985e+01
2.814070351758793942e-01,3.631149183101653222e+01,3.643614508138046659e+01,3.656079833174443650e+01,3.668545158210848456e+01,3.681010483247239762e+01,3.693475808283638173e+01,3.705941133320029479e+01,3.718406458356424338e+01,3.730871783392814933e+01,3.743337108429216897e+01,3.755802433465603940e+01,3.768267758502004483e+01,3.780733083538392236e+01
2.864321608040201195e-01,3.629540007639251087e+01,3.641999808558028207e+01,3.654459609476806747e+01,3.666919410395592394e+01,3.679379211314364539e+01,3.691839012233144501e+01,3.704298813151916647e+01,3.716758614070692346e+01,3.729218414989464492e+01,3.741678215908248006e+01,3.754138016827015889e+01,3.766597817745796561e+01,3.779057618664566576e+01
2.914572864321607892e-01,3.627921283250999807e+01,3.640375527271775269e+01,3.652829771292553573e+01,3.665284015313334720e+01,3.677738259334104498e+01,3.690192503354881381e+01,3.702646747375651159e+01,3.715100991396423780e+01,3.727555235417192847e+01,3.740009479437973994e+01,3.752463723458738087e+01,3.764917967479515681e+01,3.777372211500284038e+01
2.964824120603015145e-01,3.626292885429265311e+01,3.638741539344236031e+01,3.651190193259207462e+01,3.663638847174181024e+01,3.676087501089142506e+01,3.688536155004111805e+01,3.700984808919074709e+01,3.713433462834040455e+01,3.725882116749001938e+01,3.738330770663975500e+01,3.750779424578932719e+01,3.763228078493902018e+01,3.775676732408863501e+01
3.015075376884422398e-01,3.624654689666412821e+01,3.637097719840352994e+01,3.649540750014293167e+01,3.661983780188232629e+01,3.674426810362162144e+01,3.686869840536098053e+01,3.699312870710028989e+01,3.711755900883961345e+01,3.724198931057889439e+01,3.736641961231832454e+01,3.749084991405755574e+01,3.761528021579692904e+01,3.773971051753620998e+01
3.065326633165829096e-01,3.623006571454806846e+01,3.635443943825070079e+01,3.647881316195334023e+01,3.660318688565593703e+01,3.672756060935844147e+01,3.685193433306102406e+01,3.697630805676354981e+01,3.710068178046607557e+01,3.722505550416857290e+01,3.734942922787121233e+01,3.747380295157367414e+01,3.759817667527624963e+01,3.772255039897874695e+01
3.115577889447236348e-01,3.621348406286813315e+01,3.633780086363334050e+01,3.646211766439853363e+01,3.658643446516367703e+01,3.671075126592873517e+01,3.683506806669385725e+01,3.695938486745892959e+01,3.708370166822400193e+01,3.720801846898905296e+01,3.733233526975424610e+01,3.745665207051925449e+01,3.758096887128436947e+01,3.770528567204942050e+01
3.165829145728643046e-01,3.619680069654798871e+01,3.632106022520088828e+01,3.644531975385378075e+01,3.656957928250658085e+01,3.669383881115930990e+01,3.681809833981211000e+01,3.694235786846487457e+01,3.706661739711761783e+01,3.719087692577033977e+01,3.731513645442321803e+01,3.743939598307590444e+01,3.756365551172869743e+01,3.768791504038141227e+01
3.216080402010050299e-01,3.618001437051125890e+01,3.630421627360278336e+01,3.642841817669427940e+01,3.655262007978567596e+01,3.667682198287700146e+01,3.680102388596838381e+01,3.692522578905975195e+01,3.704942769215109166e+01,3.717362959524242427e+01,3.729783149833389899e+01,3.742203340142516765e+01,3.754623530451655711e+01,3.767043720760787551e+01
3.266331658291457551e-01,3.616312383968160304e+01,3.628726775948846495e+01,3.641141167929529843e+01,3.653555559910198269e+01,3.665969951890862433e+01,3.678384343871532991e+01,3.690798735852200707e+01,3.703213127832865581e+01,3.715627519813529744e+01,3.728041911794208119e+01,3.740456303774868019e+01,3.752870695755537156e+01,3.765285087736200609e+01
3.316582914572864249e-01,3.614612785898268754e+01,3.627021343350739357e+01,3.639429900803204276e+01,3.651838458255654984e+01,3.664247015708101429e+01,3.676655573160552848e+01,3.689064130613003556e+01,3.701472688065450711e+01,3.713881245517896446e+01,3.726289802970358522e+01,3.738698360422799993e+01,3.751106917875250701e+01,3.763515475327695015e+01
3.366834170854271502e-01,3.612902518333816460e+01,3.625305204630900846e+01,3.637707890927978838e+01,3.650110577225040487e+01,3.662513263522100004e+01,3.674915949819162364e+01,3.687318636116226855e+01,3.699721322413284241e+01,3.712124008710343048e+01,3.724526695007417487e+01,3.736929381304472031e+01,3.749332067601534391e+01,3.761734753898592487e+01
3.417085427135678199e-01,3.611181456767167219e+01,3.623578234854274882e+01,3.635975012941376150e+01,3.648371791028459654e+01,3.660768569115539606e+01,3.673165347202624531e+01,3.685562125289709456e+01,3.697958903376790829e+01,3.710355681463870781e+01,3.722752459550967075e+01,3.735149237638043473e+01,3.747546015725128399e+01,3.759942793812206219e+01
3.467336683417085452e-01,3.609449476690688385e+01,3.621840309085808229e+01,3.634231141480920257e+01,3.646621973876013101e+01,3.659012806271103813e+01,3.671403638666199498e+01,3.683794471061295184e+01,3.696185303456386606e+01,3.708576135851478739e+01,3.720966968246585083e+01,3.733357800641672952e+01,3.745748633036767927e+01,3.758139465431856507e+01
3.517587939698492705e-01,3.607706453596742335e+01,3.620091302390441967e+01,3.632476151184133784e+01,3.644860999977804283e+01,3.657245848771474783e+01,3.669630697565148836e+01,3.682015546358824309e+01,3.694400395152494099e+01,3.706785243946165309e+01,3.719170092739851441e+01,3.731554941533518388e+01,3.743939790327191730e+01,3.756324639120859388e+01
3.567839195979899403e-01,3.605952262977695000e+01,3.618331089833122860e+01,3.630709916688541483e+01,3.643088743543938079e+01,3.655467570399334676e+01,3.667846397254734825e+01,3.680225224110136395e+01,3.692604050965532991e+01,3.704982877820931009e+01,3.717361704676343237e+01,3.729740531531737702e+01,3.742119358387137851e+01,3.754498185242532315e+01
3.618090452261306655e-01,3.604186779993684553e+01,3.616559546145425230e+01,3.628932312297155960e+01,3.641305078448865373e+01,3.653677844600576208e+01,3.666050610752288463e+01,3.678423376904002851e+01,3.690796143055712264e+01,3.703168909207423809e+01,3.715541675359148854e+01,3.727914441510856847e+01,3.740287207662569813e+01,3.752659973814276384e+01
3.668341708542713353e-01,3.602409863221573971e+01,3.614776529418723783e+01,3.627143195615865068e+01,3.639509861812984326e+01,3.651876528010102874e+01,3.664243194207224974e+01,3.676609860404349917e+01,3.688976526601469175e+01,3.701343192798590565e+01,3.713709858995725455e+01,3.726076525192843292e+01,3.738443191389966813e+01,3.750809857587083229e+01
3.718592964824120606e-01,3.600621347295305696e+01,3.612981873719279946e+01,3.625342400143242827e+01,3.637702926567185102e+01,3.650063452991128088e+01,3.662423979415073916e+01,3.674784505839021165e+01,3.687145032262963440e+01,3.699505558686909268e+01,3.711866085110868596e+01,3.724226611534810161e+01,3.736587137958756699e+01,3.748947664382696843e+01
3.768844221105527859e-01,3.598821064982134743e+01,3.611175411240254363e+01,3.623529757498363324e+01,3.635884103756451680e+01,3.648238450014540746e+01,3.660592796272632654e+01,3.672947142530725984e+01,3.685301488788815050e+01,3.697655835046906958e+01,3.710010181305011656e+01,3.722364527563100012e+01,3.734718873821193341e+01,3.747073220079280276e+01
3.819095477386934556e-01,3.597008849049312573e+01,3.609356974174809096e+01,3.621705099300294250e+01,3.634053224425761641e+01,3.646401349551227611e+01,3.658749474676696423e+01,3.671097599802166656e+01,3.683445724927634046e+01,3.695793850053104990e+01,3.708141975178587302e+01,3.720490100304053271e+01,3.732838225429524925e+01,3.745186350554990184e+01
3.869346733668341809e-01,3.595184532264094202e+01,3.607526394716107632e+01,3.619868257168108983e+01,3.632210119620095412e+01,3.644551982072078999e+01,3.656893844524066139e+01,3.669235706976053990e+01,3.681577569428039709e+01,3.693919431880028981e+01,3.706261294332028911e+01,3.718603156784014629e+01,3.730945019236003901e+01,3.743286881687987488e+01
3.919597989949749062e-01,3.593347947393730379e+01,3.605683505057309901e+01,3.618019062720878765e+01,3.630354620384431996e+01,3.642690178047982386e+01,3.655025735711537749e+01,3.667361293375092401e+01,3.679696851038644922e+01,3.692032408702203838e+01,3.704367966365770570e+01,3.716703524029323091e+01,3.729039081692879876e+01,3.741374639356432397e+01
3.969849246231155759e-01,3.591498927205476122e+01,3.603828137391579389e+01,3.616157347577671999e+01,3.628486557763751819e+01,3.640815767949827375e+01,3.653144978135908616e+01,3.665474188321988436e+01,3.677803398508066834e+01,3.690132608694150917e+01,3.702461818880243527e+01,3.714791029066321926e+01,3.727120239252404588e+01,3.739449449438482986e+01
4.020100502512563012e-01,3.589637304466585022e+01,3.601960123912079581e+01,3.614282943357562061e+01,3.626605762803035304e+01,3.638928582248503574e+01,3.651251401693976106e+01,3.663574221139449349e+01,3.675897040584919750e+01,3.688219860030397257e+01,3.700542679475881869e+01,3.712865498921352980e+01,3.725188318366829066e+01,3.737511137812300177e+01
4.070351758793969710e-01,3.587762911944307831e+01,3.600079296811969698e+01,3.612395681679618065e+01,3.624712066547260747e+01,3.637028451414897745e+01,3.649344836282539006e+01,3.661661221150178847e+01,3.673977606017819397e+01,3.686293990885466343e+01,3.698610375753118973e+01,3.710926760620758813e+01,3.723243145488403627e+01,3.735559530356043467e+01
4.120603015075376963e-01,3.585875582405900985e+01,3.598185488284413935e+01,3.610495394162914806e+01,3.622805300041410703e+01,3.635115205919900205e+01,3.647425111798396102e+01,3.659735017676887736e+01,3.672044923555380791e+01,3.684354829433881662e+01,3.696664735312387506e+01,3.708974641190881272e+01,3.721284547069379300e+01,3.733594452947873066e+01
4.170854271356784215e-01,3.583975148618615236e+01,3.596278530522572225e+01,3.608581912426518556e+01,3.620885294330462756e+01,3.633188676234399139e+01,3.645492058138341207e+01,3.657795440042279722e+01,3.670098821946219658e+01,3.682402203850168121e+01,3.694705585754120136e+01,3.707008967658060783e+01,3.719312349562006403e+01,3.731615731465947761e+01
4.221105527638190913e-01,3.582061443349704177e+01,3.594358255719609474e+01,3.606655068089504113e+01,3.618951880459398041e+01,3.631248692829283442e+01,3.643545505199173817e+01,3.655842317569062061e+01,3.668139129938951726e+01,3.680435942308849917e+01,3.692732754678751661e+01,3.705029567048641326e+01,3.717326379418536675e+01,3.729623191788427761e+01
4.271356783919598166e-01,3.580134299366423534e+01,3.592424496068686324e+01,3.604714692770940587e+01,3.617004889473195561e+01,3.629295086175442719e+01,3.641585282877694141e+01,3.653875479579942009e+01,3.666165676282192010e+01,3.678455872984451958e+01,3.690746069686714037e+01,3.703036266388964748e+01,3.715326463091221143e+01,3.727616659793474696e+01
4.321608040201004863e-01,3.578193549436023346e+01,3.590477083762965549e+01,3.602760618089899225e+01,3.615044152416835743e+01,3.627327686743763024e+01,3.639611221070695279e+01,3.651894755397624692e+01,3.664178289724556237e+01,3.676461824051497018e+01,3.688745358378439931e+01,3.701028892705370765e+01,3.713312427032308705e+01,3.725595961359243802e+01
4.371859296482412116e-01,3.576239026325758630e+01,3.588515850995608503e+01,3.600792675665450560e+01,3.613069500335299011e+01,3.625346325005135384e+01,3.637623149674978862e+01,3.649899974344816656e+01,3.662176799014658002e+01,3.674453623684511427e+01,3.686730448354364142e+01,3.699007273024205489e+01,3.711284097694053230e+01,3.723560922363898129e+01
4.422110552763819369e-01,3.574270562802881557e+01,3.586540629959778670e+01,3.598810697116667967e+01,3.611080764273565080e+01,3.623350831430449404e+01,3.635620898587340122e+01,3.647890965744226577e+01,3.660161032901116585e+01,3.672431100058017250e+01,3.684701167214917916e+01,3.696971234371807213e+01,3.709241301528703616e+01,3.721511368685597176e+01
4.472361809045226066e-01,3.572287991634646431e+01,3.584551252848635983e+01,3.596814514062619139e+01,3.609077775276612243e+01,3.621341036490591136e+01,3.633604297704577846e+01,3.645867558918558871e+01,3.658130820132543448e+01,3.670394081346539394e+01,3.682657342560535341e+01,3.694920603774519918e+01,3.707183864988510891e+01,3.719447126202500442e+01
4.522613065326633319e-01,3.570291143802106859e+01,3.582547550063012665e+01,3.594803956323914917e+01,3.607060362584827118e+01,3.619316768845725107e+01,3.631573175106630913e+01,3.643829581367530324e+01,3.656085987628433287e+01,3.668342393889348330e+01,3.680598800150263372e+01,3.692855206411166336e+01,3.705111612672077115e+01,3.717368018932985052e+01
4.572864321608040017e-01,3.568279797673024234e+01,3.580529299209833027e+01,3.592778800746639689e+01,3.605028302283456298e+01,3.617277803820258697e+01,3.629527305357068911e+01,3.641776806893872731e+01,3.654026308430680103e+01,3.666275809967499555e+01,3.678525311504319717e+01,3.690774813041125668e+01,3.703024314577940146e+01,3.715273816114753913e+01
4.623115577889447270e-01,3.566253671665956659e+01,3.578496217741015784e+01,3.590738763816074908e+01,3.602981309891144690e+01,3.615223855966199551e+01,3.627466402041261517e+01,3.639708948116319220e+01,3.651951494191378345e+01,3.664194040266451680e+01,3.676436586341522883e+01,3.688679132416582007e+01,3.700921678491648947e+01,3.713164224566715177e+01
4.673366834170854522e-01,3.564212480938238770e+01,3.576448019836065129e+01,3.588683558733892198e+01,3.600919097631730637e+01,3.613154636529552732e+01,3.625390175427383355e+01,3.637625714325209003e+01,3.649861253223035362e+01,3.662096792120877353e+01,3.674332331018716502e+01,3.686567869916543572e+01,3.698803408814378457e+01,3.711038947712212632e+01
4.723618090452261220e-01,3.562155940647200936e+01,3.574384419674475311e+01,3.586612898701753949e+01,3.598841377729043245e+01,3.611069856756316909e+01,3.623298335783598390e+01,3.635526814810874896e+01,3.647755293838152113e+01,3.659983772865444251e+01,3.672212251892734969e+01,3.684440730920012896e+01,3.696669209947297219e+01,3.708897688974581541e+01
4.773869346733668473e-01,3.560083765950174950e+01,3.572305131435749814e+01,3.584526496921329652e+01,3.596747862406919438e+01,3.608969227892493592e+01,3.621190593378076272e+01,3.633411958863654689e+01,3.645633324349231685e+01,3.657854689834824313e+01,3.670076055320416941e+01,3.682297420805993937e+01,3.694518786291579460e+01,3.706740151777164982e+01
4.824120603015075170e-01,3.557995672004496157e+01,3.570209869299387861e+01,3.582424066594286671e+01,3.594638263889195429e+01,3.606852461184087133e+01,3.619066658478988074e+01,3.631280855773884753e+01,3.643495053068779299e+01,3.655709250363690188e+01,3.667923447658601077e+01,3.680137644953496334e+01,3.692351842248399407e+01,3.704566039543303901e+01
4.874371859296482423e-01,3.555891373967492797e+01,3.568098347444886542e+01,3.580305320922288814e+01,3.592512294399699613e+01,3.604719267877095490e+01,3.616926241354498472e+01,3.629133214831900034e+01,3.641340188309295911e+01,3.653547161786709552e+01,3.665754135264122482e+01,3.677961108741520491e+01,3.690168082218926315e+01,3.702375055696332851e+01
4.924623115577889676e-01,3.553770586996500214e+01,3.565970280051747920e+01,3.578169973107004864e+01,3.590369666162271756e+01,3.602569359217522305e+01,3.614769052272779959e+01,3.626968745328036192e+01,3.639168438383287452e+01,3.651368131438554343e+01,3.663567824493823366e+01,3.675767517549075336e+01,3.687967210604335122e+01,3.700166903659595619e+01
4.974874371859296374e-01,3.551633026248849490e+01,3.563825381299470507e+01,3.576017736350102894e+01,3.588210091400742385e+01,3.600402446451366245e+01,3.612594801501998631e+01,3.624787156552629597e+01,3.636979511603254878e+01,3.649171866653895080e+01,3.661364221704538124e+01,3.673556576755164116e+01,3.685748931805796502e+01,3.697941286856430310e+01
5.025125628140703071e-01,3.549478406881873838e+01,3.561663365367555656e+01,3.573848323853248132e+01,3.586033282338949135e+01,3.598218240824633796e+01,3.610403199310325562e+01,3.622588157796017327e+01,3.634773116281702698e+01,3.646958074767402991e+01,3.659143033253106836e+01,3.671327991738792207e+01,3.683512950224483973e+01,3.695697908710180002e+01
5.075376884422110324e-01,3.547306444052905050e+01,3.559483946435500457e+01,3.571661448818107942e+01,3.583838951200722533e+01,3.596016453583321493e+01,3.608193955965927557e+01,3.620371458348535043e+01,3.632548960731134002e+01,3.644726463113747883e+01,3.656903965496365316e+01,3.669081467878964986e+01,3.681258970261571051e+01,3.693436472644179958e+01
5.125628140703517577e-01,3.545116852919275630e+01,3.557286838682805552e+01,3.569456824446350396e+01,3.581626810209898792e+01,3.593796795973434399e+01,3.605966781736976401e+01,3.618136767500519113e+01,3.630306753264052588e+01,3.642476739027600985e+01,3.654646724791154355e+01,3.666816710554688541e+01,3.678986696318228411e+01,3.691156682081773255e+01
5.175879396984924830e-01,3.542909348638316658e+01,3.555071756288971585e+01,3.567234163939640013e+01,3.579396571590311282e+01,3.591558979240969762e+01,3.603721386891635348e+01,3.615883794542303065e+01,3.628046202192960834e+01,3.640208609843631393e+01,3.652371017494309058e+01,3.664533425144965406e+01,3.676695832795629570e+01,3.688858240446297287e+01
5.226130653266332082e-01,3.540683646367362769e+01,3.552838413433497067e+01,3.564993180499645575e+01,3.577147947565796215e+01,3.589302714631934066e+01,3.601457481698078311e+01,3.613612248764226109e+01,3.625767015830363249e+01,3.637921782896512468e+01,3.650076549962668793e+01,3.662231317028804511e+01,3.674386084094946625e+01,3.686540851161093713e+01
5.276381909547738225e-01,3.538439461263742913e+01,3.550586524295880508e+01,3.562733587328032314e+01,3.574880650360183409e+01,3.587027713392324557e+01,3.599174776424471389e+01,3.611321839456621774e+01,3.623468902488760790e+01,3.635615965520911175e+01,3.647763028553069375e+01,3.659910091585206970e+01,3.672057154617351671e+01,3.684204217649499213e+01
5.326633165829145478e-01,3.536176508484793857e+01,3.548315803055624684e+01,3.560455097626468302e+01,3.572594392197311208e+01,3.584733686768145589e+01,3.596872981338983521e+01,3.609012275909828560e+01,3.621151570480660098e+01,3.633290865051500873e+01,3.645430159622352306e+01,3.657569454193181713e+01,3.669708748764018225e+01,3.681848043334859000e+01
5.376884422110552730e-01,3.533894503187844549e+01,3.546025963892226684e+01,3.558157424596620899e+01,3.570288885301012272e+01,3.582420346005397249e+01,3.594551806709785069e+01,3.606683267414180705e+01,3.618814728118562840e+01,3.630946188822952081e+01,3.643077649527351980e+01,3.655209110231731984e+01,3.667340570936118382e+01,3.679472031640507623e+01
5.427135678391959983e-01,3.531593156697717006e+01,3.543716717139519545e+01,3.555840277581332032e+01,3.567963838023140255e+01,3.580087398464944215e+01,3.592210958906749596e+01,3.604334519348564214e+01,3.616458079790364621e+01,3.628581640232170713e+01,3.640705200673988884e+01,3.652828761115786449e+01,3.664952321557589698e+01,3.677075881999397922e+01
5.477386934673367236e-01,3.529272106776954843e+01,3.541387699316525328e+01,3.553503291856102919e+01,3.565618884395676957e+01,3.577734476935246732e+01,3.589850069474818639e+01,3.601965662014399783e+01,3.614081254553967426e+01,3.626196847093537912e+01,3.638312439633121897e+01,3.650428032172684567e+01,3.662543624712255053e+01,3.674659217251828380e+01
5.527638190954774489e-01,3.526930924918163868e+01,3.539038480444832402e+01,3.551146035971505910e+01,3.563253591498175155e+01,3.575361147024842268e+01,3.587468702551509381e+01,3.599576258078187863e+01,3.611683813604853555e+01,3.623791369131518536e+01,3.635898924658198439e+01,3.648006480184858447e+01,3.660114035711524139e+01,3.672221591238194094e+01
5.577889447236180631e-01,3.524569180244889566e+01,3.536668628168837358e+01,3.548768076092787283e+01,3.560867524016731522e+01,3.572966971940676473e+01,3.585066419864620713e+01,3.597165867788577742e+01,3.609265315712520561e+01,3.621364763636459827e+01,3.633464211560415436e+01,3.645563659484352570e+01,3.657663107408295389e+01,3.669762555332241760e+01
5.628140703517587884e-01,3.522186441880682395e+01,3.534277710132940342e+01,3.546368978385196158e+01,3.558460246637446289e+01,3.570551514889697842e+01,3.582642783141948684e+01,3.594734051394213026e+01,3.606825319646464578e+01,3.618916587898708315e+01,3.631007856150970525e+01,3.643099124403214262e+01,3.655190392655463683e+01,3.667281660907716656e+01
5.678391959798995137e-01,3.519782278949087839e+01,3.531865293981534393e+01,3.543948309013975972e+01,3.556031324046411868e+01,3.568114339078852026e+01,3.580197354111287922e+01,3.592280369143739449e+01,3.604363384176179608e+01,3.616446399208607687e+01,3.628529414241055662e+01,3.640612429273486583e+01,3.652695444305923189e+01,3.664778459338361927e+01
5.728643216080402389e-01,3.517356260573657067e+01,3.529430947359022497e+01,3.541505634144379400e+01,3.553580320929730618e+01,3.565655007715087521e+01,3.577729694500440161e+01,3.589804381285808432e+01,3.601879068071165335e+01,3.613953754856508738e+01,3.626028441641872746e+01,3.638103128427219701e+01,3.650177815212571630e+01,3.662252501997927112e+01
5.778894472361809642e-01,3.514907955877935564e+01,3.526974237909799825e+01,3.539040519941652008e+01,3.551106801973497795e+01,3.563173084005351399e+01,3.575239366037198607e+01,3.587305648069064290e+01,3.599371930100917893e+01,3.611438212132755865e+01,3.623504494164613732e+01,3.635570776196458098e+01,3.647637058228306017e+01,3.659703340260156779e+01
5.829145728643215785e-01,3.512436933985472365e+01,3.524494733278264391e+01,3.536552532571040786e+01,3.548610331863810075e+01,3.560668131156590022e+01,3.572725930449362153e+01,3.584783729742152758e+01,3.596841529034934126e+01,3.608899328327694889e+01,3.620957127620476967e+01,3.633014926913246967e+01,3.645072726206020519e+01,3.657130525498795492e+01
5.879396984924623037e-01,3.509942764019816508e+01,3.521992001108814918e+01,3.534041238197794144e+01,3.546090475286766974e+01,3.558139712375751884e+01,3.570188949464728978e+01,3.582238186553723125e+01,3.594287423642709456e+01,3.606336660731674471e+01,3.618385897820659380e+01,3.630435134909633632e+01,3.642484371998610726e+01,3.654533609087590662e+01
5.929648241206030290e-01,3.507425015104514898e+01,3.519465609045847998e+01,3.531506202987159782e+01,3.543546796928465170e+01,3.555587390869784059e+01,3.567627984811093711e+01,3.579668578752421126e+01,3.591709172693742147e+01,3.603749766635039009e+01,3.615790360576356477e+01,3.627830954517663287e+01,3.639871548458974360e+01,3.651912142400286854e+01
5.979899497487437543e-01,3.504883256363115152e+01,3.516915124733762354e+01,3.528946993104383978e+01,3.540978861475001338e+01,3.553010729845632198e+01,3.565042598216253822e+01,3.577074466586893919e+01,3.589106334957528333e+01,3.601138203328135035e+01,3.613170071698763053e+01,3.625201940069383255e+01,3.637233808440005589e+01,3.649265676810629344e+01
6.030150753768844796e-01,3.502317056919167015e+01,3.514340115816956001e+01,3.526363174714716564e+01,3.538386233612474285e+01,3.550409292510246217e+01,3.562432351408008913e+01,3.574455410305788661e+01,3.586478469203564146e+01,3.598501528101310498e+01,3.610524586999078167e+01,3.622547645896838731e+01,3.634570704794601426e+01,3.646593763692366252e+01
6.080402010050250938e-01,3.499725985896215974e+01,3.511740149939824818e+01,3.523754313983404529e+01,3.535768478026980688e+01,3.547782642070571768e+01,3.559796806114152901e+01,3.571810970157750376e+01,3.583825134201346430e+01,3.595839298244910509e+01,3.607853462288496615e+01,3.619867626332075616e+01,3.631881790375656749e+01,3.643895954419240013e+01
6.130653266331658191e-01,3.497109612417812485e+01,3.509114794746768951e+01,3.521119977075694152e+01,3.533125159404617222e+01,3.545130341733556634e+01,3.557135524062484677e+01,3.569140706391428353e+01,3.581145888720372028e+01,3.593151071049283019e+01,3.605156253378214615e+01,3.617161435707141237e+01,3.629166618036069281e+01,3.641171800364999456e+01
6.180904522613065444e-01,3.494467505607503455e+01,3.506463617882185702e+01,3.518459730156835263e+01,3.530455842431483404e+01,3.542451954706147887e+01,3.554448066980801002e+01,3.566444179255468327e+01,3.578440291530137785e+01,3.590436403804773846e+01,3.602432516079429092e+01,3.614428628354080786e+01,3.626424740628733190e+01,3.638420852903387726e+01
6.231155778894472697e-01,3.491799234588836498e+01,3.503786186990470242e+01,3.515773139392072011e+01,3.527760091793673780e+01,3.539747044195291892e+01,3.551733996596897924e+01,3.563720948998516036e+01,3.575707901400138411e+01,3.587694853801728101e+01,3.599681806203335555e+01,3.611668758604939455e+01,3.623655711006544067e+01,3.635642663408151520e+01
6.281407035175879949e-01,3.489104368485361363e+01,3.501082069716024847e+01,3.513059770946656357e+01,3.525037472177289288e+01,3.537015173407937851e+01,3.548992874638575756e+01,3.560970575869221477e+01,3.572948277099875014e+01,3.584925978330495866e+01,3.596903679561131639e+01,3.608881380791765991e+01,3.620859082022401054e+01,3.632836783253037538e+01
6.331658291457286092e-01,3.486382453156838324e+01,3.498350810359595187e+01,3.510319167562322207e+01,3.522287524765052069e+01,3.534255881967797563e+01,3.546224239170531689e+01,3.558192596373270788e+01,3.570160953576019836e+01,3.582129310778737619e+01,3.594097667981468902e+01,3.606066025184198764e+01,3.618034382386927206e+01,3.630002739589661331e+01
6.381909547738693345e-01,3.483632724595625518e+01,3.495591642290789736e+01,3.507550559985926242e+01,3.519509477681067011e+01,3.531468395376221281e+01,3.543427313071365603e+01,3.555386230766511346e+01,3.567345148461669879e+01,3.579304066156798569e+01,3.591262983851937207e+01,3.603221901547076556e+01,3.615180819242214483e+01,3.627139736937355963e+01
6.432160804020100597e-01,3.480854198411969946e+01,3.492803577740555454e+01,3.504752957069116093e+01,3.516702336397682416e+01,3.528651715726260818e+01,3.540601095054830694e+01,3.552550474383397727e+01,3.564499853711978972e+01,3.576449233040533215e+01,3.588398612369095986e+01,3.600347991697657335e+01,3.612297371026218684e+01,3.624246750354784297e+01
6.482412060301507850e-01,3.478045885503484413e+01,3.489985624211028892e+01,3.501925362918550633e+01,3.513865101626081611e+01,3.525804840333620405e+01,3.537744579041153514e+01,3.549684317748678097e+01,3.561624056456221155e+01,3.573563795163740053e+01,3.585503533871263215e+01,3.597443272578786377e+01,3.609383011286308829e+01,3.621322749993835544e+01
6.532663316582915103e-01,3.475206796767778883e+01,3.487136789204342335e+01,3.499066781640888735e+01,3.510996774077443661e+01,3.522926766514005692e+01,3.534856758950562039e+01,3.546786751387107017e+01,3.558716743823671891e+01,3.570646736260216869e+01,3.582576728696761137e+01,3.594506721133307536e+01,3.606436713569850383e+01,3.618366706006401046e+01
6.582914572864321245e-01,3.472335943102467581e+01,3.484256080222633756e+01,3.496176217342787851e+01,3.508096354462952604e+01,3.520016491583120199e+01,3.531936628703285663e+01,3.543856765823434074e+01,3.555776902943605933e+01,3.567697040063759317e+01,3.579617177183910570e+01,3.591537314304063244e+01,3.603457451424213076e+01,3.615377588544370724e+01
6.633165829145728498e-01,3.469432335405159051e+01,3.481342504768036150e+01,3.493252674130905433e+01,3.505162843493786795e+01,3.517073012856668868e+01,3.528983182219550230e+01,3.540893351582408854e+01,3.552803520945294480e+01,3.564713690308165894e+01,3.576623859671030914e+01,3.588534029033898065e+01,3.600444198396760953e+01,3.612354367759632368e+01
6.683417085427135751e-01,3.466494984573465388e+01,3.478395070342683937e+01,3.490295156111898223e+01,3.502195241881126719e+01,3.514095327650353795e+01,3.525995413419581581e+01,3.537895499188782367e+01,3.549795584958011574e+01,3.561695670727231544e+01,3.573595756496441567e+01,3.585495842265653010e+01,3.597395928034860191e+01,3.609296013804077319e+01
6.733668341708543004e-01,3.463522901504996554e+01,3.475412784448711534e+01,3.487302667392425093e+01,3.499192550336154994e+01,3.511082433279879922e+01,3.522972316223607692e+01,3.534862199167304908e+01,3.546752082111033388e+01,3.558641965054754053e+01,3.570531847998462638e+01,3.582421730942173355e+01,3.594311613885879808e+01,3.606201496829595499e+01
6.783919597989950256e-01,3.460515097097366777e+01,3.472394654588254070e+01,3.484274212079144917e+01,3.496153769570051395e+01,3.508033327060952900e+01,3.519912884551858667e+01,3.531792442042728197e+01,3.543671999533633254e+01,3.555551557024531206e+01,3.567431114515416368e+01,3.579310672006303662e+01,3.591190229497183850e+01,3.603069786988076828e+01
6.834170854271356399e-01,3.457470582248185309e+01,3.469339688263445254e+01,3.481208794278714436e+01,3.493077900293998539e+01,3.504947006309274826e+01,3.516816112324557508e+01,3.528685218339801111e+01,3.540554324355081661e+01,3.552423430370358659e+01,3.564292536385621446e+01,3.576161642400884944e+01,3.588030748416141336e+01,3.599899854431409807e+01
6.884422110552763652e-01,3.454388367855063535e+01,3.466246892976423055e+01,3.478105418097791812e+01,3.489963943219176912e+01,3.501822468340552064e+01,3.513680993461935742e+01,3.525539518583276788e+01,3.537398043704657624e+01,3.549256568826035618e+01,3.561115093947397980e+01,3.572973619068761764e+01,3.584832144190117020e+01,3.596690669311486488e+01
6.934673366834170904e-01,3.451267464815614261e+01,3.463115276229318340e+01,3.474963087643034498e+01,3.486810899056766289e+01,3.498658710470486710e+01,3.510506521884217790e+01,3.522354333297904105e+01,3.534202144711630922e+01,3.546049956125358449e+01,3.557897767539066791e+01,3.569745578952777976e+01,3.581593390366479213e+01,3.593441201780196081e+01
6.984924623115578157e-01,3.448106884027447450e+01,3.459943845524266237e+01,3.471780807021099946e+01,3.483617768517947866e+01,3.495454730014783706e+01,3.507291691511631626e+01,3.519128653008433361e+01,3.530965614505277017e+01,3.542802576002121384e+01,3.554639537498947988e+01,3.566476498995775302e+01,3.578313460492592668e+01,3.590150421989427088e+01
7.035175879396985410e-01,3.444905636388175196e+01,3.456731608363403296e+01,3.468557580338647739e+01,3.480383552313904261e+01,3.492209524289148703e+01,3.504035496264405936e+01,3.515861468239616983e+01,3.527687440214871373e+01,3.539513412190124342e+01,3.551339384165361679e+01,3.563165356140600437e+01,3.574991328115827116e+01,3.586817300091071559e+01
7.085427135678391553e-01,3.441662732795408886e+01,3.453477572248863936e+01,3.465292411702333908e+01,3.477107251155814538e+01,3.488922090609283089e+01,3.500736930062766561e+01,3.512551769516203137e+01,3.524366608969684478e+01,3.536181448423164397e+01,3.547996287876627974e+01,3.559811127330093683e+01,3.571625966783545891e+01,3.583440806237017995e+01
7.135678391959798805e-01,3.438377184146758481e+01,3.450180744682781153e+01,3.461984305218817326e+01,3.473787865754859894e+01,3.485591426290893224e+01,3.497394986826940766e+01,3.509198547362944254e+01,3.521002107898993216e+01,3.532805668435035784e+01,3.544609228971066983e+01,3.556412789507099603e+01,3.568216350043117302e+01,3.580019910579155606e+01
7.185929648241206058e-01,3.435048001339838208e+01,3.446840133167291498e+01,3.458632264994755445e+01,3.470424396822223656e+01,3.482216528649682630e+01,3.494008660477157946e+01,3.505800792304590630e+01,3.517592924132070209e+01,3.529385055959538420e+01,3.541177187787000946e+01,3.552969319614462762e+01,3.564761451441909657e+01,3.576553583269377157e+01
7.236180904522613311e-01,3.431674166505923296e+01,3.443454716339443422e+01,3.455235266172970654e+01,3.467015816006495754e+01,3.478796365840016591e+01,3.490576915673552350e+01,3.502357465507050449e+01,3.514138015340595445e+01,3.525918565174121966e+01,3.537699115007649198e+01,3.549479664841175719e+01,3.561260214674685898e+01,3.573040764508217393e+01
7.286432160804020564e-01,3.428254384673440569e+01,3.440023194782171601e+01,3.451792004890904053e+01,3.463560814999630111e+01,3.475329625108354037e+01,3.487098435217094305e+01,3.498867245325801889e+01,3.510636055434554947e+01,3.522404865543284558e+01,3.534173675652018431e+01,3.545942485760753726e+01,3.557711295869469836e+01,3.569480105978210105e+01
7.336683417085426706e-01,3.424787206010081775e+01,3.436544113686057500e+01,3.448301021362028251e+01,3.460057929037986924e+01,3.471814836713947017e+01,3.483571744389924163e+01,3.495328652065872888e+01,3.507085559741868508e+01,3.518842467417831443e+01,3.530599375093807168e+01,3.542356282769783604e+01,3.554113190445738724e+01,3.565870098121718712e+01
7.386934673366833959e-01,3.421271178991690931e+01,3.433016016544026172e+01,3.444760854096347913e+01,3.456505691648653311e+01,3.468250529200965104e+01,3.479995366753291819e+01,3.491740204305597928e+01,3.503485041857949511e+01,3.515229879410259883e+01,3.526974716962590861e+01,3.538719554514922550e+01,3.550464392067231501e+01,3.562209229619566031e+01
7.437185929648241212e-01,3.417704852094114898e+01,3.429437446849005511e+01,3.441170041603876228e+01,3.452902636358722077e+01,3.464635231113580716e+01,3.476367825868452144e+01,3.488100420623312914e+01,3.499833015378215606e+01,3.511565610133067850e+01,3.523298204887951357e+01,3.535030799642832733e+01,3.546763394397691371e+01,3.558495989152576300e+01
7.487437185929648464e-01,3.414086773793196272e+01,3.425806948093919857e+01,3.437527122394615020e+01,3.449247296695279630e+01,3.460967470995962003e+01,3.472687645296657166e+01,3.484407819597348777e+01,3.496127993898079467e+01,3.507848168198751893e+01,3.519568342499463398e+01,3.531288516800174193e+01,3.543008691100858698e+01,3.554728865401571625e+01
7.537688442211055717e-01,3.410415492564780493e+01,3.422123063771695683e+01,3.433830634978573926e+01,3.445538206185417351e+01,3.457245777392282093e+01,3.468953348599158204e+01,3.480660919806039999e+01,3.492368491012958742e+01,3.504076062219809273e+01,3.515783633426708832e+01,3.527491204633606259e+01,3.539198775840475975e+01,3.550906347047374112e+01
7.587939698492462970e-01,3.406689556884713710e+01,3.418384337375259463e+01,3.430079117865762584e+01,3.441773898356224493e+01,3.453468678846712692e+01,3.465163459337210838e+01,3.476858239827721775e+01,3.488553020318268238e+01,3.500247800808736542e+01,3.511942581299264532e+01,3.523637361789789679e+01,3.535332142280284273e+01,3.547026922770808710e+01
7.638190954773869112e-01,3.402907515228837099e+01,3.414589312397536247e+01,3.426271109566185658e+01,3.437952906734788172e+01,3.449634703903421240e+01,3.461316501072063545e+01,3.472998298240727166e+01,3.484680095409419920e+01,3.496361892578030961e+01,3.508043689746707372e+01,3.519725486915382362e+01,3.531407284084022535e+01,3.543089081252696104e+01
7.688442211055276365e-01,3.399067916072999651e+01,3.410736532331453930e+01,3.422405148589851365e+01,3.434073764848200483e+01,3.445742381106582997e+01,3.457410997364971195e+01,3.469079613623390657e+01,3.480748229881833566e+01,3.492416846140189080e+01,3.504085462398618489e+01,3.515754078657045056e+01,3.527422694915434676e+01,3.539091311173860532e+01
7.738693467336683618e-01,3.395169307893043964e+01,3.406824540669937562e+01,3.418479773446768633e+01,3.430135006223548544e+01,3.441790239000366114e+01,3.453445471777186526e+01,3.465100704554045308e+01,3.476755937330921853e+01,3.488411170107708159e+01,3.500066402884576178e+01,3.511721635661439223e+01,3.523376868438263187e+01,3.535032101215124811e+01
7.788944723618090871e-01,3.391210239164814766e+01,3.402851880905911486e+01,3.414493522646943546e+01,3.426135164387923027e+01,3.437776806128940876e+01,3.449418447869960147e+01,3.461060089611025603e+01,3.472701731352101007e+01,3.484343373093085461e+01,3.495985014834156601e+01,3.507626656575222768e+01,3.519268298316246302e+01,3.530909940057311047e+01
7.839195979899498123e-01,3.387189258364157496e+01,3.398817096532305015e+01,3.410444934700385744e+01,3.422072772868413182e+01,3.433700611036481831e+01,3.445328449204546928e+01,3.456956287372665315e+01,3.468584125540786545e+01,3.480211963708818956e+01,3.491839801876940896e+01,3.503467640045057152e+01,3.515095478213127222e+01,3.526723316381242768e+01
7.889447236180904266e-01,3.383104913966916882e+01,3.394718731042041071e+01,3.406332548117100600e+01,3.417946365192107550e+01,3.429560182267155710e+01,3.441173999342197476e+01,3.452787816417298217e+01,3.464401633492393273e+01,3.476015450567402354e+01,3.487629267642505226e+01,3.499243084717600283e+01,3.510856901792647022e+01,3.522470718867741368e+01
7.939698492462311519e-01,3.378955754448936943e+01,3.390555327928048257e+01,3.402154901407097043e+01,3.413754474886096801e+01,3.425354048365136350e+01,3.436953621844165241e+01,3.448553195323259501e+01,3.460152768802336709e+01,3.471752342281336468e+01,3.483351915760430018e+01,3.494951489239514331e+01,3.506551062718547485e+01,3.518150636197633219e+01
7.989949748743718771e-01,3.374740328286063829e+01,3.386325430683250914e+01,3.397910533080382578e+01,3.409495635477468767e+01,3.421080737874593325e+01,3.432665840271702251e+01,3.444250942668880811e+01,3.455836045066031659e+01,3.467421147463115005e+01,3.479006249860291433e+01,3.490591352257458624e+01,3.502176454654569682e+01,3.513761557051737583e+01
8.040201005025126024e-01,3.370457183954140135e+01,3.382027582800575516e+01,3.393597981646964001e+01,3.405168380493314118e+01,3.416738779339698340e+01,3.428309178186061246e+01,3.439879577032498048e+01,3.451449975878892928e+01,3.463020374725237360e+01,3.474590773571669899e+01,3.486161172418091780e+01,3.497731571264453976e+01,3.509301970110878699e+01
8.090452261306533277e-01,3.366104869929013432e+01,3.377660327772949245e+01,3.389215785616850241e+01,3.400771243460721394e+01,3.412326701304621679e+01,3.423882159148496385e+01,3.435437616992443566e+01,3.446993074836337456e+01,3.458548532680199372e+01,3.470103990524143711e+01,3.481659448368075971e+01,3.493214906211942861e+01,3.504770364055879384e+01
8.140703517587939420e-01,3.361681380639204519e+01,3.373221653143993137e+01,3.384761925648761860e+01,3.396302198153512819e+01,3.407842470658285094e+01,3.419382743163025395e+01,3.430923015667840303e+01,3.442463288172584868e+01,3.454003560677322326e+01,3.465543833182132971e+01,3.477084105686928694e+01,3.488624378191654785e+01,3.500164650696459034e+01
8.190954773869346672e-01,3.357180744723493149e+01,3.368705567053478234e+01,3.380230389383461898e+01,3.391755211713441298e+01,3.403280034043432067e+01,3.414804856373386599e+01,3.426329678703412895e+01,3.437854501033353216e+01,3.449379323363313432e+01,3.460904145693336176e+01,3.472428968023341866e+01,3.483953790353275082e+01,3.495478612683290720e+01
8.241206030150753925e-01,3.352595262581796476e+01,3.364104343469466585e+01,3.375613424357153747e+01,3.387122505244851567e+01,3.398631586132551519e+01,3.410140667020208127e+01,3.421649747907934369e+01,3.433158828795557582e+01,3.444667909683231954e+01,3.456176990570955354e+01,3.467686071458659569e+01,3.479195152346286335e+01,3.490704233234004761e+01
8.291457286432161178e-01,3.347917227463266698e+01,3.359410249184703190e+01,3.370903270906177340e+01,3.382396292627679912e+01,3.393889314349172537e+01,3.405382336070616844e+01,3.416875357792125101e+01,3.428368379513515407e+01,3.439861401234987426e+01,3.451354422956494261e+01,3.462847444677980491e+01,3.474340466399385008e+01,3.485833488120888290e+01
8.341708542713568431e-01,3.343138932617057435e+01,3.354615550991938022e+01,3.366092169366879006e+01,3.377568787741863332e+01,3.389045406116826342e+01,3.400522024491736772e+01,3.411998642866704756e+01,3.423475261241540579e+01,3.434951879616490089e+01,3.446428497991458784e+01,3.457905116366405451e+01,3.469381734741265433e+01,3.480858353116232706e+01
8.391959798994974573e-01,3.338252671292316620e+01,3.349712515683915370e+01,3.361172360075594412e+01,3.372632204467334560e+01,3.384092048859041313e+01,3.395551893250691222e+01,3.407011737642393001e+01,3.418471582033946987e+01,3.429931426425647345e+01,3.441391270817351256e+01,3.452851115209030297e+01,3.464310959600619810e+01,3.475770803992323721e+01
8.442211055276381826e-01,3.333250736738199294e+01,3.344693410053385207e+01,3.356136083368671308e+01,3.367578756684032726e+01,3.379021429999351511e+01,3.390464103314607769e+01,3.401906776629910212e+01,3.413349449945052783e+01,3.424792123260370147e+01,3.436234796575676853e+01,3.447677469890956559e+01,3.459120143206143894e+01,3.470562816521452021e+01
8.492462311557789079e-01,3.328125422203854811e+01,3.339550500893092533e+01,3.350975579582447494e+01,3.362400658271891984e+01,3.373825736961283184e+01,3.385250815650610434e+01,3.396675894339976054e+01,3.408100973029171143e+01,3.419526051718568027e+01,3.430951130407939331e+01,3.442376209097281503e+01,3.453801287786532725e+01,3.465226366475906161e+01
8.542713567839196331e-01,3.322869020938435369e+01,3.334276054995785188e+01,3.345683089053264325e+01,3.357090123110847202e+01,3.368497157168367551e+01,3.379904191225821819e+01,3.391311225283308062e+01,3.402718259340617379e+01,3.414125293398148386e+01,3.425532327455641735e+01,3.436939361513105240e+01,3.448346395570476375e+01,3.459753429627974697e+01
8.592964824120603584e-01,3.317473826191093877e+01,3.328862339154209593e+01,3.340250852117466707e+01,3.351639365080836086e+01,3.363027878044136543e+01,3.374416391007370919e+01,3.385804903970629454e+01,3.397193416933706800e+01,3.408581929897023599e+01,3.419970442860291371e+01,3.431358955823527879e+01,3.442747468786672727e+01,3.454135981749946893e+01
8.643216080402009727e-01,3.311932131210981822e+01,3.323301620161115011e+01,3.334671109111394571e+01,3.346040598061794213e+01,3.357410087012119959e+01,3.368779575962380335e+01,3.380149064912658474e+01,3.391518553862756136e+01,3.402888042813100355e+01,3.414257531763389863e+01,3.425627020713647397e+01,3.436996509663815402e+01,3.448365998614111305e+01
8.693467336683416979e-01,3.306236229247249980e+01,3.317586164809248572e+01,3.328936100371390694e+01,3.340286035933657161e+01,3.351635971495848310e+01,3.362985907057976220e+01,3.374335842620115500e+01,3.385685778182079275e+01,3.397035713744291741e+01,3.408385649306443810e+01,3.419735584868563905e+01,3.431085520430597313e+01,3.442435455992758619e+01
8.743718592964824232e-01,3.300378413549049128e+01,3.311708239891353855e+01,3.323038066233793586e+01,3.334367892576359793e+01,3.345697718918849262e+01,3.357027545261281176e+01,3.368357371603719486e+01,3.379687197945990107e+01,3.391017024288502313e+01,3.402346850630954123e+01,3.413676676973373247e+01,3.425006503315712791e+01,3.436336329658173128e+01
8.793969849246231485e-01,3.294350977365533595e+01,3.305660112200180833e+01,3.316969247034948864e+01,3.328278381869838398e+01,3.339587516704656167e+01,3.350896651539422066e+01,3.362205786374190097e+01,3.373514921208806072e+01,3.384824056043645157e+01,3.396133190878428110e+01,3.407442325713177667e+01,3.418751460547856169e+01,3.430060595382647648e+01
8.844221105527638738e-01,3.288146213945854157e+01,3.299434048528476637e+01,3.310721883111197172e+01,3.322009717694029973e+01,3.333297552276798115e+01,3.344585386859524334e+01,3.355873221442249132e+01,3.367161056024841770e+01,3.378448890607627675e+01,3.389736725190368816e+01,3.401024559773075850e+01,3.412312394355721779e+01,3.423600228938470025e+01
8.894472361809044880e-01,3.281756416539161592e+01,3.293022315668989108e+01,3.304288214798880574e+01,3.315554113928868674e+01,3.326820013058805614e+01,3.338085912188712712e+01,3.349351811318614835e+01,3.360617710448412510e+01,3.371883609578362240e+01,3.383149508708281417e+01,3.394415407838167198e+01,3.405681306968003241e+01,3.416947206097930234e+01
8.944723618090452133e-01,3.275173878394608096e+01,3.286417180414462536e+01,3.297660482434338292e+01,3.308903784454291497e+01,3.320147086474209175e+01,3.331390388494109800e+01,3.342633690514006162e+01,3.353876992533832890e+01,3.365120294553754832e+01,3.376363596573668246e+01,3.387606898593548976e+01,3.398850200613394890e+01,3.410093502633313989e+01
8.994974874371859386e-01,3.268390892761345157e+01,3.279610909557646181e+01,3.290830926353915231e+01,3.302050943150233309e+01,3.313270959946537886e+01,3.324490976742842463e+01,3.335710993539144908e+01,3.346931010335418222e+01,3.358151027131716404e+01,3.369371043928034481e+01,3.380591060724320585e+01,3.391811077520590345e+01,3.403031094316912686e+01
9.045226130653266639e-01,3.261395808126803075e+01,3.272591811587636101e+01,3.283787815048381020e+01,3.294983818509145124e+01,3.306179821969922017e+01,3.317375825430712410e+01,3.328571828891503515e+01,3.339767832352309540e+01,3.350963835813067249e+01,3.362159839273870432e+01,3.373355842734648746e+01,3.384551846195427771e+01,3.395747849656235218e+01
9.095477386934673891e-01,3.254156038661773209e+01,3.265327188811703962e+01,3.276498338961544476e+01,3.287669489111410570e+01,3.298840639261301533e+01,3.310011789411187522e+01,3.321182939561072089e+01,3.332354089710987211e+01,3.343525239860845488e+01,3.354696390010733609e+01,3.365867540160625992e+01,3.377038690310518376e+01,3.388209840460422839e+01
9.145728643216080034e-01,3.246642065219120354e+01,3.257787420746817020e+01,3.268932776274492369e+01,3.280078131802205377e+01,3.291223487329932595e+01,3.302368842857622155e+01,3.313514198385312426e+01,3.324659553913019749e+01,3.335804909440724231e+01,3.346950264968410949e+01,3.358095620496121825e+01,3.369240976023840517e+01,3.380386331551557788e+01
9.195979899497487287e-01,3.238830857578094680e+01,3.249949398112132570e+01,3.261067938646237252e+01,3.272186479180337670e+01,3.283305019714418194e+01,3.294423560248480953e+01,3.305542100782555792e+01,3.316660641316642000e+01,3.327779181850748813e+01,3.338897722384827205e+01,3.350016262918893517e+01,3.361134803453015252e+01,3.372253343987105012e+01
9.246231155778894539e-01,3.230685756298721145e+01,3.241776335620001248e+01,3.252866914941343168e+01,3.263957494262673720e+01,3.275048073583967323e+01,3.286138652905262347e+01,3.297229232226584372e+01,3.308319811547912792e+01,3.319410390869227712e+01,3.330500970190524157e+01,3.341591549511831971e+01,3.352682128833188102e+01,3.363772708154449731e+01
9.296482412060301792e-01,3.222173411348955341e+01,3.233234768751442800e+01,3.244296126153971471e+01,3.255357483556476694e+01,3.266418840958964154e+01,3.277480198361458719e+01,3.288541555763976021e+01,3.299602913166486928e+01,3.310664270568959466e+01,3.321725627971471795e+01,3.332786985373979860e+01,3.343848342776513505e+01,3.354909700178936305e+01
9.346733668341709045e-01,3.213255847790293274e+01,3.224286592204244783e+01,3.235317336618267348e+01,3.246348081032220989e+01,3.257378825446182447e+01,3.268409569860166641e+01,3.279440314274138046e+01,3.290471058688088135e+01,3.301501803102040355e+01,3.312532547516119052e+01,3.323563291930062036e+01,3.334594036344065415e+01,3.345624780758021188e+01
9.396984924623115187e-01,3.203876221403447744e+01,3.214874766619392688e+01,3.225873311835334789e+01,3.236871857051272627e+01,3.247870402267206202e+01,3.258868947483190937e+01,3.269867492699097511e+01,3.280866037915017586e+01,3.291864583130956134e+01,3.302863128346955079e+01,3.313861673562880839e+01,3.324860218778851362e+01,3.335858763994752962e+01
9.447236180904522440e-01,3.193979159619230046e+01,3.204943729339856162e+01,3.215908299060458830e+01,3.226872868781102000e+01,3.237837438501722431e+01,3.248802008222399706e+01,3.259766577943013033e+01,3.270731147663597937e+01,3.281695717384254607e+01,3.292660287104847328e+01,3.303624856825499734e+01,3.314589426546138640e+01,3.325553996266738466e+01
9.497487437185929693e-01,3.183476150090214674e+01,3.194404664165311658e+01,3.205333178240474012e+01,3.216261692315634235e+01,3.227190206390757510e+01,3.238118720465924127e+01,3.249047234541107798e+01,3.259975748616170677e+01,3.270904262691363584e+01,3.281832776766463411e+01,3.292761290841643529e+01,3.303689804916773909e+01,3.314618318991975343e+01
9.547738693467336946e-01,3.172253725926248080e+01,3.183143714686707071e+01,3.194033703447204786e+01,3.204923692207711383e+01,3.215813680968147992e+01,3.226703669728642154e+01,3.237593658489117843e+01,3.248483647249585005e+01,3.259373636010064246e+01,3.270263624770514355e+01,3.281153613531024860e+01,3.292043602291492022e+01,3.302933591051991158e+01
9.597989949748744198e-01,3.160289430893765683e+01,3.171138347580670924e+01,3.181987264267578297e+01,3.192836180954501302e+01,3.203685097641385937e+01,3.214534014328312850e+01,3.225382931015188603e+01,3.236231847702105568e+01,3.247080764388992691e+01,3.257929681075854234e+01,3.268778597762810989e+01,3.279627514449697401e+01,3.290476431136588076e+01
9.648241206030150341e-01,3.147206556569594937e+01,3.158010561226553392e+01,3.168814565883490886e+01,3.179618570540445077e+01,3.190422575197415966e+01,3.201226579854381527e+01,3.212030584511323639e+01,3.222834589168232355e+01,3.233638593825197205e+01,3.244442598482113027e+01,3.255246603139115535e+01,3.266050607796029936e+01,3.276854612452991233e+01
9.698492462311557594e-01,3.132753767623781016e+01,3.143508157488657417e+01,3.154262547353445711e+01,3.165016937218294046e+01,3.175771327083134565e+01,3.186525716947945952e+01,3.197280106812763378e+01,3.208034496677527869e+01,3.218788886542371586e+01,3.229543276407255803e+01,3.240297666272063992e+01,3.251052056136858681e+01,3.261806446001701687e+01
9.748743718592964846e-01,3.117678766575508220e+01,3.128381405664337223e+01,3.139084044753143132e+01,3.149786683841991675e+01,3.160489322930849099e+01,3.171191962019641153e+01,3.181894601108503906e+01,3.192597240197266117e+01,3.203299879286058882e+01,3.214002518374959294e+01,3.224705157463809968e+01,3.235407796552617299e+01,3.246110435641441683e+01
9.798994974874372099e-01,3.098709357259334851e+01,3.109346876508356416e+01,3.119984395757438378e+01,3.130621915006543787e+01,3.141259434255672645e+01,3.151896953504728671e+01,3.162534472753880266e+01,3.173171992002906805e+01,3.183809511251945068e+01,3.194447030501046925e+01,3.205084549750202427e+01,3.215722068999288297e+01,3.226359588248345034e+01
9.849246231155779352e-01,3.076431359092497786e+01,3.086992400489972255e+01,3.097553441887443171e+01,3.108114483284977680e+01,3.118675524682492650e+01,3.129236566079977067e+01,3.139797607477508379e+01,3.150358648874974676e+01,3.160919690272496396e+01,3.171480731669973352e+01,3.182041773067477664e+01,3.192602814464991567e+01,3.203163855862455023e+01
9.899497487437186605e-01,3.058109722671030184e+01,3.068607867960040281e+01,3.079106013248947704e+01,3.089604158537881418e+01,3.100102303826842132e+01,3.110600449115759503e+01,3.121098594404742954e+01,3.131596739693699760e+01,3.142094884982672554e+01,3.152593030271589924e+01,3.163091175560563073e+01,3.173589320849453088e+01,3.184087466138405631e+01
9.949748743718592747e-01,3.017153235805466949e+01,3.027510782100819142e+01,3.037868328396037754e+01,3.048225874691218706e+01,3.058583420986489187e+01,3.068940967281691456e+01,3.079298513576991425e+01,3.089656059872273630e+01,3.100013606167504321e+01,3.110371152462732880e+01,3.120728698758060204e+01,3.131086245053188222e+01,3.141443791348476822e+01
1.000000000000000000e+00,2.912999999999999901e+01,2.923000000000000043e+01,2.933000000000000185e+01,2.943000000000000327e+01,2.953000000000000469e+01,2.963000000000000611e+01,2.973000000000000753e+01,2.983000000000000895e+01,2.993000000000001037e+01,3.003000000000001180e+01,3.013000000000001322e+01,3.023000000000001464e+01,3.033000000000001606e+01
